Дата,Сумма,Описание
20.10.2024,92245.24,Зарплата ПАО Сбербанк
20.10.2024,-1561.35,Оплата Ситимобил
20.10.2024,-3251.1,Обед в Хан буз
20.10.2024,-16103.0,Перевод на накопительный счет
21.10.2024,-623.43,Оплата Яндекс.Такси
21.10.2024,-129.21,Подписка Яндекс.Плюс
21.10.2024,-3157.34,Покупка в Магнит
22.10.2024,77540.34,Зарплата ПАО Сбербанк
22.10.2024,-2321.93,Покупка в ВкусВилл
22.10.2024,-4653.76,Обед в Академия кофе
23.10.2024,-10431.92,Оплата МОЭК
23.10.2024,-2928.01,Подписка Apple Music
23.10.2024,-2968.38,Подписка Spotify
23.10.2024,-579.19,Подписка Apple Music
24.10.2024,-1950.89,Оплата Uber
24.10.2024,-18324.72,Оплата Новосибводоканал
24.10.2024,-8998.32,Покупка в ВкусВилл
24.10.2024,-6647.81,Билеты Арена Сибирь
25.10.2024,-3270.16,Билеты Кинотеатр Каро
25.10.2024,-12283.34,Покупка в Яндекс.Маркет
25.10.2024,-1571.21,Обед в Академия кофе
26.10.2024,149239.18,Зарплата ПАО Сбербанк
26.10.2024,-1883.17,Оплата Ситимобил
26.10.2024,-26254.03,Денежный перевод
27.10.2024,-1117.29,Оплата ВымпелКом (Билайн)
27.10.2024,-7233.97,Покупка в Перекресток
27.10.2024,-18385.63,Оплата ВымпелКом (Билайн)
27.10.2024,89616.15,Зарплата ПАО Сбербанк
28.10.2024,-3306.05,Билеты Арена Сибирь
28.10.2024,-4002.35,Обед в Шоколадница
29.10.2024,-13506.64,Покупка в Пятерочка
29.10.2024,-4434.35,Обед в Свиток
30.10.2024,-2280.01,Покупка в Дикси
30.10.2024,61654.44,Зарплата ПАО Сбербанк
30.10.2024,-13293.66,Оплата Газпром межрегионгаз
31.10.2024,-7143.1,Билеты Новосибирский зоопарк
31.10.2024,-2843.22,Оплата Газпром межрегионгаз
31.10.2024,-1804.25,Покупка в Пятерочка
31.10.2024,32776.75,Зарплата ПАО Сбербанк
01.11.2024,30703.11,Зарплата ПАО Сбербанк
01.11.2024,-9500.16,Перевод на накопительный счет
01.11.2024,-3097.37,Билеты Арена Сибирь
01.11.2024,-2416.56,Билеты Арена Сибирь
02.11.2024,-2443.92,Билеты Новосибирский зоопарк
02.11.2024,143857.64,Зарплата ПАО Сбербанк
02.11.2024,-1718.09,Обед в Бургер Кинг
02.11.2024,-3122.74,Билеты Кинотеатр Каро
03.11.2024,-1412.56,Подписка Яндекс.Музыка
03.11.2024,-9270.09,Оплата Tele2
03.11.2024,-21810.82,Покупка в Яндекс.Маркет
04.11.2024,-1859.83,Оплата Каршеринг BelkaCar
04.11.2024,-763.68,Обед в Якитория
04.11.2024,-4605.26,Билеты Арена Сибирь
04.11.2024,-28967.68,Денежный перевод
05.11.2024,-151.42,Оплата Каршеринг Делимобиль
05.11.2024,-769.38,Обед в Бургер Кинг
05.11.2024,-20633.35,Перевод на накопительный счет
05.11.2024,-18569.12,Оплата ипотеки Сбербанк
06.11.2024,70959.29,Зарплата ПАО Сбербанк
06.11.2024,126677.83,Зарплата ПАО Сбербанк
07.11.2024,-3198.98,Обед в Теремок
07.11.2024,134094.79,Зарплата ПАО Сбербанк
07.11.2024,-47477.27,Покупка в Лабрандиум
08.11.2024,-2741.28,Оплата Аэроэкспресс
08.11.2024,-9787.56,Билеты Парк Горького
09.11.2024,-1920.25,Подписка Яндекс.Плюс
09.11.2024,-15821.12,Оплата МОЭК
09.11.2024,-15704.85,Оплата МГТС
09.11.2024,-1880.24,Оплата Ситимобил
10.11.2024,96154.39,Зарплата ПАО Сбербанк
10.11.2024,-22600.16,Покупка в Яндекс.Маркет
10.11.2024,-2780.73,Подписка YouTube Premium
10.11.2024,45165.02,Зарплата ПАО Сбербанк
10.11.2024,-4085.71,Автоплатеж за мобильную связь
11.11.2024,-6991.84,Билеты Цирк
11.11.2024,95243.44,Зарплата ПАО Сбербанк
11.11.2024,-7718.15,Билеты Кинотеатр Формула Кино
11.11.2024,-783.88,Обед в Академия кофе
12.11.2024,-1612.13,Обед в Академия кофе
12.11.2024,-2224.76,Обед в Шоколадница
13.11.2024,-14035.45,Покупка в Перекресток
13.11.2024,63915.2,Зарплата ПАО Сбербанк
14.11.2024,-18137.53,Покупка в Евросеть
14.11.2024,-29653.53,Покупка в Яндекс.Маркет
14.11.2024,-6560.63,Оплата МТС
15.11.2024,-41664.72,Покупка в Связной
15.11.2024,-7803.74,Покупка в Быстроном
15.11.2024,-2378.47,Оплата Каршеринг BelkaCar
16.11.2024,-1289.87,Подписка Steam
16.11.2024,-1859.69,Подписка VK Музыка
16.11.2024,-2277.11,Подписка Яндекс.Музыка
16.11.2024,-2517.21,Обед в Чайхона №1
17.11.2024,-1960.23,Оплата Такси Maxim
17.11.2024,-1638.93,Оплата Uber
18.11.2024,-7647.62,Оплата Дом.ru
18.11.2024,-4680.69,Оплата Ростелеком
18.11.2024,36737.54,Зарплата ПАО Сбербанк
19.11.2024,-1256.8,Оплата Центральный ППК
19.11.2024,-903.46,Подписка Steam
20.11.2024,-32465.34,Денежный перевод
20.11.2024,-7835.45,Билеты Кинотеатр Каро
21.11.2024,83775.04,Зарплата ПАО Сбербанк
21.11.2024,-1747.74,Оплата Такси Maxim
22.11.2024,-2630.06,Подписка Okko
22.11.2024,-8918.29,Перевод на накопительный счет
22.11.2024,144318.85,Зарплата ПАО Сбербанк
22.11.2024,72040.38,Зарплата ПАО Сбербанк
23.11.2024,-4242.87,Обед в Шоколадница
23.11.2024,-27520.0,Покупка в Лабрандиум
23.11.2024,-490.85,Оплата Центральный ППК
24.11.2024,-5253.57,Оплата Новосибводоканал
24.11.2024,126277.46,Зарплата ПАО Сбербанк
25.11.2024,-1244.63,Покупка в Дикси
25.11.2024,113582.88,Зарплата ПАО Сбербанк
25.11.2024,-1667.57,Подписка YouTube Premium
25.11.2024,87816.17,Зарплата ПАО Сбербанк
26.11.2024,-44262.57,Покупка в Яндекс.Маркет
26.11.2024,-46438.05,Перевод на накопительный счет
27.11.2024,-3254.86,Обед в Свиток
27.11.2024,-1780.91,Покупка в Лента
27.11.2024,-9122.53,Покупка в Быстроном
28.11.2024,-3381.08,Билеты Парк Горького
28.11.2024,-4999.46,Обед в Rostic's
28.11.2024,108424.18,Зарплата ПАО Сбербанк
28.11.2024,-1803.48,Обед в Шоколадница
29.11.2024,-24100.42,Перевод на накопительный счет
29.11.2024,-2856.04,Подписка Okko
29.11.2024,-4131.18,Билеты Арена Сибирь
29.11.2024,77969.31,Зарплата ПАО Сбербанк
30.11.2024,-2066.35,Оплата Метро Новосибирск
30.11.2024,-2423.54,Оплата МОЭК
30.11.2024,-474.74,Оплата Ситимобил
01.12.2024,-3267.11,Обед в Теремок
01.12.2024,-768.59,Оплата Яндекс.Такси
02.12.2024,-12255.95,Покупка в Метро
02.12.2024,-45945.32,Денежный перевод
02.12.2024,-5124.58,Покупка в Магнит
03.12.2024,-29742.48,Перевод на накопительный счет
03.12.2024,-7406.4,Покупка в Ярче
04.12.2024,126557.52,Зарплата ПАО Сбербанк
04.12.2024,-1144.81,Обед в Академия кофе
05.12.2024,40784.75,Зарплата ПАО Сбербанк
05.12.2024,-5598.79,Билеты Кинотеатр Каро
05.12.2024,-35776.54,Перевод на накопительный счет
05.12.2024,-11719.11,Оплата ипотеки Сбербанк
06.12.2024,135302.81,Зарплата ПАО Сбербанк
06.12.2024,-6294.19,Оплата ВымпелКом (Билайн)
06.12.2024,132282.05,Зарплата ПАО Сбербанк
06.12.2024,-5832.38,Покупка в Билла
07.12.2024,-2984.95,Билеты Арена Сибирь
07.12.2024,111190.14,Зарплата ПАО Сбербанк
07.12.2024,-35292.13,Покупка в Лабрандиум
07.12.2024,134490.52,Зарплата ПАО Сбербанк
08.12.2024,107919.11,Зарплата ПАО Сбербанк
08.12.2024,-12716.65,Покупка в Лента
08.12.2024,-6478.07,Покупка в Wildberries
08.12.2024,-11355.57,Оплата МГТС
09.12.2024,-107.48,Подписка IVI
09.12.2024,-918.07,Оплата Центральный ППК
09.12.2024,124970.72,Зарплата ПАО Сбербанк
09.12.2024,-1480.99,Подписка KinoPub
10.12.2024,-2579.26,Билеты Цирк
10.12.2024,-2026.93,Обед в Кофемания
10.12.2024,-12004.57,Покупка в Лабрандиум
10.12.2024,-7430.0,Автоплатеж за мобильную связь
11.12.2024,-14987.34,Денежный перевод
11.12.2024,-5970.21,Оплата Новосибэнергосбыт
11.12.2024,121276.52,Зарплата ПАО Сбербанк
12.12.2024,-48691.67,Перевод на накопительный счет
12.12.2024,-1720.8,Обед в Вкусно и точка
12.12.2024,-22787.11,Покупка в Яндекс.Маркет
13.12.2024,-1466.37,Подписка Okko
13.12.2024,-330.61,Покупка в Лента
13.12.2024,-42154.06,Денежный перевод
13.12.2024,-1509.21,Оплата Ситимобил
14.12.2024,-2180.1,Оплата Центральный ППК
14.12.2024,131393.18,Зарплата ПАО Сбербанк
14.12.2024,-29347.89,Перевод на накопительный счет
14.12.2024,-44601.88,Денежный перевод
15.12.2024,-10793.78,Оплата МТС
15.12.2024,-761.54,Покупка в Ашан
16.12.2024,128560.72,Зарплата ПАО Сбербанк
16.12.2024,-2157.66,Оплата Новосибводоканал
16.12.2024,-2828.49,Подписка Okko
16.12.2024,-48517.88,Перевод на накопительный счет
17.12.2024,-3325.43,Обед в Академия кофе
17.12.2024,-6287.91,Покупка в Метро
17.12.2024,-2317.83,Билеты Цирк
17.12.2024,71547.25,Зарплата ПАО Сбербанк
18.12.2024,-7067.25,Билеты Парк Горького
18.12.2024,43848.06,Зарплата ПАО Сбербанк
18.12.2024,-14556.87,Оплата Газпром межрегионгаз
18.12.2024,108414.17,Зарплата ПАО Сбербанк
19.12.2024,-2760.84,Подписка Spotify
19.12.2024,-46917.12,Покупка в DNS
19.12.2024,-1091.03,Обед в Теремок
20.12.2024,89764.17,Зарплата ПАО Сбербанк
20.12.2024,62382.28,Зарплата ПАО Сбербанк
20.12.2024,69933.04,Зарплата ПАО Сбербанк
21.12.2024,-1074.26,Подписка Apple Music
21.12.2024,-10972.58,Денежный перевод
21.12.2024,-27275.7,Перевод на накопительный счет
22.12.2024,80258.88,Зарплата ПАО Сбербанк
22.12.2024,-34177.38,Денежный перевод
22.12.2024,104781.57,Зарплата ПАО Сбербанк
23.12.2024,127800.45,Зарплата ПАО Сбербанк
23.12.2024,-1853.06,Обед в Якитория
23.12.2024,-1202.44,Обед в Академия кофе
24.12.2024,-13197.08,Оплата МТС
24.12.2024,-30740.28,Покупка в Wildberries
24.12.2024,-4453.03,Обед в Rostic's
25.12.2024,-1675.07,Обед в Чайхона №1
25.12.2024,-673.24,Обед в Чайхона №1
26.12.2024,-6573.4,Билеты Кинотеатр Каро
26.12.2024,87913.3,Зарплата ПАО Сбербанк
26.12.2024,-31254.51,Перевод на накопительный счет
27.12.2024,-11957.79,Покупка в Магнит
27.12.2024,-8314.8,Покупка в Дикси
27.12.2024,-9528.29,Билеты Кинотеатр Формула Кино
28.12.2024,84855.71,Зарплата ПАО Сбербанк
28.12.2024,-2973.7,Подписка Яндекс.Плюс
29.12.2024,-4857.9,Билеты Кинотеатр Каро
29.12.2024,-2012.79,Покупка в Окей
29.12.2024,-30902.4,Покупка в Wildberries
30.12.2024,-3003.62,Оплата Дом.ru
30.12.2024,-7753.31,Оплата Газпром межрегионгаз
30.12.2024,-2164.94,Покупка в Пятерочка
30.12.2024,-2151.76,Оплата Каршеринг Делимобиль
31.12.2024,-1469.93,Оплата Каршеринг Делимобиль
31.12.2024,-4064.1,Обед в Шоколадница
31.12.2024,-42971.39,Перевод на накопительный счет
01.01.2025,-795.42,Билеты Парк Горького
01.01.2025,-13752.26,Покупка в Ярче
01.01.2025,-466.03,Обед в Свиток
02.01.2025,-1119.75,Билеты Новосибирский зоопарк
02.01.2025,-10440.77,Оплата МТС
02.01.2025,-1806.35,Билеты Арена Сибирь
03.01.2025,-8200.11,Денежный перевод
03.01.2025,-3018.28,Обед в Чайхона №1
04.01.2025,-14430.86,Покупка в Пятерочка
04.01.2025,-110.25,Подписка YouTube Premium
04.01.2025,-1328.07,Подписка Apple Music
04.01.2025,-5974.3,Билеты Новосибирский зоопарк
05.01.2025,118618.18,Зарплата ПАО Сбербанк
05.01.2025,-5120.05,Денежный перевод
05.01.2025,55977.15,Зарплата ПАО Сбербанк
05.01.2025,-10142.47,Оплата ипотеки Сбербанк
06.01.2025,-1937.75,Обед в Якитория
06.01.2025,57286.26,Зарплата ПАО Сбербанк
06.01.2025,105016.74,Зарплата ПАО Сбербанк
06.01.2025,-34870.19,Покупка в Эльдорадо
07.01.2025,-19833.36,Денежный перевод
07.01.2025,-40074.49,Покупка в Эльдорадо
07.01.2025,-1300.81,Оплата Яндекс.Такси
07.01.2025,-19425.28,Оплата МОЭК
08.01.2025,-780.1,Оплата Яндекс.Такси
08.01.2025,-15604.69,Денежный перевод
09.01.2025,-19044.74,Покупка в Мир Канцтоваров
09.01.2025,-2619.04,Перевод на накопительный счет
09.01.2025,-9458.76,Денежный перевод
09.01.2025,-14349.16,Оплата Новосибводоканал
10.01.2025,-28919.02,Перевод на накопительный счет
10.01.2025,-1395.6,Перевод на накопительный счет
10.01.2025,-28070.21,Перевод на накопительный счет
10.01.2025,-4563.82,Автоплатеж за мобильную связь
11.01.2025,-1256.21,Покупка в Магнит
11.01.2025,-42364.58,Денежный перевод
11.01.2025,-2729.74,Подписка Okko
12.01.2025,-26119.2,Покупка в OZON
12.01.2025,-12488.82,Оплата Дом.ru
12.01.2025,-10984.23,Оплата Новосибводоканал
13.01.2025,96821.06,Зарплата ПАО Сбербанк
13.01.2025,-1517.73,Оплата Ситимобил
13.01.2025,-9953.28,Покупка в Пятерочка
14.01.2025,-1948.89,Подписка Okko
14.01.2025,-2252.83,Подписка IVI
15.01.2025,-1587.62,Подписка IVI
15.01.2025,-2867.23,Оплата Каршеринг BelkaCar
15.01.2025,32087.61,Зарплата ПАО Сбербанк
15.01.2025,-9453.35,Билеты Новосибирский зоопарк
16.01.2025,-2286.22,Подписка Яндекс.Музыка
16.01.2025,81907.09,Зарплата ПАО Сбербанк
16.01.2025,114917.16,Зарплата ПАО Сбербанк
16.01.2025,-10299.08,Оплата МГТС
17.01.2025,72624.75,Зарплата ПАО Сбербанк
17.01.2025,-5559.48,Покупка в Магнит
17.01.2025,-13836.05,Покупка в Wildberries
17.01.2025,-2149.15,Оплата Uber
18.01.2025,-1891.46,Покупка в Ярче
18.01.2025,88369.81,Зарплата ПАО Сбербанк
18.01.2025,-247.13,Подписка Apple Music
19.01.2025,-9569.91,Билеты Парк Горького
19.01.2025,-7967.06,Билеты Новосибирский зоопарк
20.01.2025,-6195.92,Перевод на накопительный счет
20.01.2025,-5438.24,Покупка в Ярче
20.01.2025,-1933.29,Оплата Каршеринг BelkaCar
20.01.2025,72293.43,Зарплата ПАО Сбербанк
21.01.2025,-1340.28,Билеты Арена Сибирь
21.01.2025,-929.77,Оплата Каршеринг BelkaCar
21.01.2025,117501.95,Зарплата ПАО Сбербанк
21.01.2025,-6009.04,Билеты Новосибирский зоопарк
22.01.2025,55045.71,Зарплата ПАО Сбербанк
22.01.2025,-10662.05,Оплата Ростелеком
22.01.2025,-2111.02,Оплата Ситимобил
23.01.2025,-2584.36,Оплата Uber
23.01.2025,98941.39,Зарплата ПАО Сбербанк
23.01.2025,-19564.1,Покупка в Яндекс.Маркет
24.01.2025,-2463.18,Подписка Яндекс.Музыка
24.01.2025,-3385.05,Покупка в Wildberries
24.01.2025,-388.6,Обед в Якитория
24.01.2025,124632.26,Зарплата ПАО Сбербанк
25.01.2025,128836.25,Зарплата ПАО Сбербанк
25.01.2025,128998.62,Зарплата ПАО Сбербанк
25.01.2025,-4124.48,Билеты Кинотеатр Каро
26.01.2025,-29985.52,Покупка в OZON
26.01.2025,-1891.51,Подписка KinoPub
27.01.2025,-48048.0,Денежный перевод
27.01.2025,-23990.47,Покупка в Wildberries
27.01.2025,-1262.77,Подписка IVI
28.01.2025,-11476.82,Оплата Газпром межрегионгаз
28.01.2025,-124.79,Оплата Центральный ППК
28.01.2025,-33896.51,Перевод на накопительный счет
29.01.2025,-8957.04,Покупка в ВкусВилл
29.01.2025,-226.95,Оплата Яндекс.Такси
30.01.2025,-44115.74,Покупка в Яндекс.Маркет
30.01.2025,128985.39,Зарплата ПАО Сбербанк
30.01.2025,124524.54,Зарплата ПАО Сбербанк
31.01.2025,-2897.43,Оплата Яндекс.Такси
31.01.2025,-886.06,Подписка KinoPub
01.02.2025,107433.94,Зарплата ПАО Сбербанк
01.02.2025,-23540.97,Денежный перевод
01.02.2025,-4188.53,Билеты Новосибирский зоопарк
01.02.2025,-2364.29,Обед в Rostic's
02.02.2025,-6193.68,Оплата МГТС
02.02.2025,-1191.34,Подписка Okko
02.02.2025,92307.19,Зарплата ПАО Сбербанк
02.02.2025,-4980.53,Оплата МТС
03.02.2025,-41688.47,Покупка в Wildberries
03.02.2025,142524.89,Зарплата ПАО Сбербанк
03.02.2025,-13262.82,Оплата ВымпелКом (Билайн)
03.02.2025,-265.21,Подписка YouTube Premium
04.02.2025,-277.06,Оплата Uber
04.02.2025,-6774.68,Денежный перевод
04.02.2025,-2902.47,Оплата МГТС
04.02.2025,-2072.5,Билеты Кинотеатр Каро
05.02.2025,-30112.44,Покупка в Лабрандиум
05.02.2025,55741.96,Зарплата ПАО Сбербанк
05.02.2025,-18221.56,Оплата ипотеки Сбербанк
06.02.2025,-18700.99,Оплата МОЭК
06.02.2025,-940.22,Оплата Яндекс.Такси
06.02.2025,111112.42,Зарплата ПАО Сбербанк
06.02.2025,-6556.3,Билеты Цирк
07.02.2025,-4569.0,Перевод на накопительный счет
07.02.2025,-9545.33,Покупка в Быстроном
07.02.2025,-2569.07,Оплата Ситимобил
07.02.2025,140008.27,Зарплата ПАО Сбербанк
08.02.2025,-13670.59,Покупка в Перекресток
08.02.2025,-186.87,Оплата Яндекс.Такси
09.02.2025,-4777.1,Покупка в Ашан
09.02.2025,-799.05,Оплата Аэроэкспресс
09.02.2025,-2208.55,Обед в Чайхона №1
09.02.2025,-13568.31,Оплата Дом.ru
10.02.2025,-15228.92,Денежный перевод
10.02.2025,-24036.7,Денежный перевод
10.02.2025,-2576.49,Подписка KinoPub
10.02.2025,-3377.61,Автоплатеж за мобильную связь
11.02.2025,-27639.43,Покупка в Связной
11.02.2025,-5138.74,Билеты Кинотеатр Формула Кино
11.02.2025,-1805.74,Обед в Академия кофе
11.02.2025,-2932.91,Подписка Яндекс.Плюс
12.02.2025,-3120.75,Обед в Якитория
12.02.2025,-5161.35,Билеты Парк Горького
12.02.2025,108137.82,Зарплата ПАО Сбербанк
12.02.2025,-186.75,Оплата Ситимобил
13.02.2025,-2253.0,Оплата Ситимобил
13.02.2025,74963.47,Зарплата ПАО Сбербанк
13.02.2025,-2943.56,Обед в Теремок
13.02.2025,-888.24,Подписка YouTube Premium
14.02.2025,-3444.67,Оплата Новосибэнергосбыт
14.02.2025,132369.44,Зарплата ПАО Сбербанк
14.02.2025,-12624.86,Оплата Дом.ru
14.02.2025,-4421.59,Обед в Rostic's
15.02.2025,-10703.4,Покупка в Магнит
15.02.2025,-14245.81,Покупка в ВкусВилл
15.02.2025,-24621.0,Перевод на накопительный счет
16.02.2025,-1460.72,Подписка KinoPub
16.02.2025,-2398.03,Оплата МОЭК
16.02.2025,76248.92,Зарплата ПАО Сбербанк
17.02.2025,-20623.85,Денежный перевод
17.02.2025,-1958.75,Подписка Apple Music
17.02.2025,70723.19,Зарплата ПАО Сбербанк
17.02.2025,82413.59,Зарплата ПАО Сбербанк
18.02.2025,95869.49,Зарплата ПАО Сбербанк
18.02.2025,-13820.94,Покупка в М.Видео
18.02.2025,82842.81,Зарплата ПАО Сбербанк
19.02.2025,-1751.03,Оплата Uber
19.02.2025,-1419.11,Билеты Цирк
19.02.2025,-1246.22,Обед в Академия кофе
19.02.2025,135184.14,Зарплата ПАО Сбербанк
20.02.2025,-4863.41,Билеты Арена Сибирь
20.02.2025,93036.47,Зарплата ПАО Сбербанк
20.02.2025,46477.42,Зарплата ПАО Сбербанк
20.02.2025,-2620.94,Оплата Центральный ППК
21.02.2025,-9787.5,Оплата Новосибводоканал
21.02.2025,-1800.06,Подписка Spotify
21.02.2025,-6050.62,Денежный перевод
21.02.2025,-43353.54,Денежный перевод
22.02.2025,-660.38,Обед в Якитория
22.02.2025,62265.69,Зарплата ПАО Сбербанк
22.02.2025,-2908.2,Оплата Такси Maxim
23.02.2025,-3075.3,Оплата Новосибводоканал
23.02.2025,-5894.64,Билеты Кинотеатр Формула Кино
24.02.2025,-13224.51,Покупка в Перекресток
24.02.2025,-7377.96,Оплата Tele2
24.02.2025,-10921.17,Покупка в Окей
25.02.2025,-1838.4,Обед в Академия кофе
25.02.2025,136294.68,Зарплата ПАО Сбербанк
25.02.2025,-13448.11,Оплата Tele2
25.02.2025,-24691.62,Покупка в Евросеть
26.02.2025,-26089.89,Перевод на накопительный счет
26.02.2025,50159.96,Зарплата ПАО Сбербанк
26.02.2025,38965.58,Зарплата ПАО Сбербанк
27.02.2025,-49527.99,Покупка в OZON
27.02.2025,-3073.99,Оплата МОЭК
27.02.2025,-4640.77,Билеты Цирк
28.02.2025,146461.5,Зарплата ПАО Сбербанк
28.02.2025,-501.26,Подписка Spotify
28.02.2025,-30564.77,Перевод на накопительный счет
28.02.2025,-31873.58,Покупка в М.Видео
01.03.2025,-6305.17,Оплата Новосибводоканал
01.03.2025,-3860.83,Обед в Чайхона №1
01.03.2025,71821.98,Зарплата ПАО Сбербанк
02.03.2025,-238.72,Оплата Каршеринг BelkaCar
02.03.2025,-6690.55,Оплата Tele2
02.03.2025,-18501.83,Денежный перевод
02.03.2025,-3239.05,Билеты Кинотеатр Формула Кино
03.03.2025,-364.4,Оплата Uber
03.03.2025,-39418.72,Денежный перевод
03.03.2025,-7977.06,Билеты Новосибирский зоопарк
04.03.2025,-1111.61,Оплата Каршеринг BelkaCar
04.03.2025,-2722.04,Оплата Метро Новосибирск
04.03.2025,-9900.64,Билеты Арена Сибирь
05.03.2025,-8330.06,Перевод на накопительный счет
05.03.2025,-2235.41,Подписка Apple Music
05.03.2025,-8113.57,Оплата МГТС
05.03.2025,97688.38,Зарплата ПАО Сбербанк
05.03.2025,-14233.2,Оплата ипотеки Сбербанк
06.03.2025,36178.51,Зарплата ПАО Сбербанк
06.03.2025,-9606.86,Билеты Цирк
07.03.2025,-1381.98,Оплата Ситимобил
07.03.2025,-13560.28,Покупка в Связной
07.03.2025,-33767.5,Денежный перевод
07.03.2025,105115.95,Зарплата ПАО Сбербанк
08.03.2025,70488.16,Зарплата ПАО Сбербанк
08.03.2025,-8406.14,Оплата МГТС
09.03.2025,-12897.52,Покупка в Дикси
09.03.2025,-2607.69,Обед в Чайхона №1
10.03.2025,-2575.84,Обед в Шоколадница
10.03.2025,-1933.56,Подписка VK Музыка
10.03.2025,-470.71,Оплата Ситимобил
10.03.2025,-4596.19,Обед в Бургер Кинг
10.03.2025,-3140.39,Автоплатеж за мобильную связь
11.03.2025,-23424.62,Денежный перевод
11.03.2025,-28315.75,Перевод на накопительный счет
11.03.2025,105500.5,Зарплата ПАО Сбербанк
12.03.2025,-9323.93,Покупка в Быстроном
12.03.2025,-5911.85,Покупка в Магнит
12.03.2025,-718.0,Подписка Apple Music
13.03.2025,67100.93,Зарплата ПАО Сбербанк
13.03.2025,-1091.88,Оплата Центральный ППК
14.03.2025,-1681.64,Подписка YouTube Premium
14.03.2025,-181.81,Оплата Метро Новосибирск
15.03.2025,-381.04,Обед в Свиток
15.03.2025,-4384.71,Билеты Новосибирский зоопарк
15.03.2025,-5444.51,Оплата МГТС
16.03.2025,-11969.26,Оплата Газпром межрегионгаз
16.03.2025,-3179.74,Билеты Кинотеатр Формула Кино
16.03.2025,83604.11,Зарплата ПАО Сбербанк
17.03.2025,-41636.24,Покупка в Евросеть
17.03.2025,-412.96,Подписка Яндекс.Музыка
17.03.2025,-7841.64,Оплата МТС
17.03.2025,-4398.38,Обед в Теремок
18.03.2025,-1888.3,Оплата Каршеринг Делимобиль
18.03.2025,-3071.74,Обед в Кофемания
19.03.2025,44908.32,Зарплата ПАО Сбербанк
19.03.2025,44405.07,Зарплата ПАО Сбербанк
19.03.2025,80547.47,Зарплата ПАО Сбербанк
19.03.2025,-2685.01,Обед в Шоколадница
20.03.2025,106232.96,Зарплата ПАО Сбербанк
20.03.2025,68802.77,Зарплата ПАО Сбербанк
20.03.2025,-7662.44,Оплата МГТС
20.03.2025,-14316.46,Денежный перевод
21.03.2025,-103.67,Оплата Аэроэкспресс
21.03.2025,-1882.66,Подписка Яндекс.Плюс
22.03.2025,-2412.91,Оплата Ситимобил
22.03.2025,-1441.93,Обед в Rostic's
23.03.2025,118936.45,Зарплата ПАО Сбербанк
23.03.2025,-4915.16,Билеты Кинотеатр Формула Кино
24.03.2025,-5425.21,Покупка в Ашан
24.03.2025,-27696.85,Покупка в М.Видео
24.03.2025,-5228.09,Билеты Новосибирский зоопарк
25.03.2025,99833.07,Зарплата ПАО Сбербанк
25.03.2025,-8902.29,Билеты Кинотеатр Формула Кино
25.03.2025,-603.01,Подписка Яндекс.Плюс
25.03.2025,-2831.03,Билеты Цирк
26.03.2025,-2740.75,Подписка Яндекс.Музыка
26.03.2025,-4874.22,Билеты Новосибирский зоопарк
27.03.2025,43136.27,Зарплата ПАО Сбербанк
27.03.2025,-7485.79,Покупка в Лента
27.03.2025,132333.9,Зарплата ПАО Сбербанк
27.03.2025,-39115.02,Денежный перевод
28.03.2025,-36370.72,Покупка в OZON
28.03.2025,-34479.73,Перевод на накопительный счет
28.03.2025,-15324.13,Оплата Новосибэнергосбыт
29.03.2025,-2460.25,Подписка Steam
29.03.2025,-2498.25,Оплата МОЭК
29.03.2025,-7218.59,Билеты Кинотеатр Формула Кино
30.03.2025,-12035.96,Покупка в Окей
30.03.2025,-2200.66,Подписка KinoPub
30.03.2025,-30883.82,Денежный перевод
30.03.2025,35701.22,Зарплата ПАО Сбербанк
31.03.2025,-17082.76,Оплата Новосибэнергосбыт
31.03.2025,-2725.79,Оплата Ситимобил
01.04.2025,-7008.58,Билеты Кинотеатр Формула Кино
01.04.2025,49561.04,Зарплата ПАО Сбербанк
01.04.2025,46230.19,Зарплата ПАО Сбербанк
01.04.2025,-3268.64,Оплата МОЭК
02.04.2025,-773.71,Обед в Шоколадница
02.04.2025,-2856.4,Подписка VK Музыка
03.04.2025,-1777.99,Подписка YouTube Premium
03.04.2025,-1928.61,Подписка Steam
04.04.2025,-23619.59,Денежный перевод
04.04.2025,-2691.11,Оплата Каршеринг Делимобиль
05.04.2025,-1351.8,Обед в Теремок
05.04.2025,-644.25,Билеты Кинотеатр Формула Кино
05.04.2025,-5123.52,Оплата Ростелеком
05.04.2025,-21383.61,Оплата ипотеки Сбербанк
06.04.2025,-9327.97,Билеты Арена Сибирь
06.04.2025,-3509.62,Обед в Бургер Кинг
07.04.2025,117166.82,Зарплата ПАО Сбербанк
07.04.2025,-2378.03,Оплата Каршеринг Делимобиль
07.04.2025,-29060.66,Перевод на накопительный счет
08.04.2025,-6910.33,Оплата Дом.ru
08.04.2025,-8776.67,Билеты Цирк
09.04.2025,-1824.07,Подписка VK Музыка
09.04.2025,-3214.58,Оплата Tele2
09.04.2025,-36408.75,Покупка в М.Видео
09.04.2025,-2914.38,Оплата Такси Maxim
10.04.2025,131445.34,Зарплата ПАО Сбербанк
10.04.2025,-21698.55,Денежный перевод
10.04.2025,-2784.54,Билеты Новосибирский зоопарк
10.04.2025,-4578.22,Автоплатеж за мобильную связь
11.04.2025,-2025.27,Подписка Steam
11.04.2025,-2275.12,Подписка YouTube Premium
11.04.2025,126658.94,Зарплата ПАО Сбербанк
11.04.2025,-346.23,Подписка Steam
12.04.2025,-214.65,Подписка VK Музыка
12.04.2025,40448.7,Зарплата ПАО Сбербанк
13.04.2025,-3206.74,Обед в Теремок
13.04.2025,-34953.23,Покупка в Wildberries
14.04.2025,-15220.45,Оплата Новосибводоканал
14.04.2025,115738.19,Зарплата ПАО Сбербанк
14.04.2025,-14924.81,Оплата Дом.ru
14.04.2025,-3670.9,Покупка в Билла
15.04.2025,-5921.4,Билеты Кинотеатр Каро
15.04.2025,-160.24,Подписка VK Музыка
15.04.2025,-1370.82,Оплата Центральный ППК
16.04.2025,90306.55,Зарплата ПАО Сбербанк
16.04.2025,-8290.5,Покупка в Перекресток
16.04.2025,-6301.84,Билеты Парк Горького
16.04.2025,85592.2,Зарплата ПАО Сбербанк
17.04.2025,42347.13,Зарплата ПАО Сбербанк
17.04.2025,-29639.83,Покупка в DNS
17.04.2025,-3732.76,Обед в Шоколадница
18.04.2025,81741.17,Зарплата ПАО Сбербанк
18.04.2025,-1070.58,Оплата Каршеринг BelkaCar
18.04.2025,-4444.53,Обед в Бургер Кинг
19.04.2025,-1955.99,Подписка Okko
19.04.2025,-1838.31,Оплата Каршеринг Делимобиль
19.04.2025,-7930.97,Оплата МГТС
19.04.2025,50829.86,Зарплата ПАО Сбербанк
20.04.2025,-2341.45,Подписка VK Музыка
20.04.2025,104571.31,Зарплата ПАО Сбербанк
21.04.2025,-3902.32,Обед в Бургер Кинг
21.04.2025,30592.66,Зарплата ПАО Сбербанк
22.04.2025,-1500.44,Подписка Spotify
22.04.2025,77180.95,Зарплата ПАО Сбербанк
22.04.2025,-4043.07,Обед в Rostic's
23.04.2025,-11162.23,Покупка в Пятерочка
23.04.2025,-23593.34,Покупка в Wildberries
24.04.2025,35968.28,Зарплата ПАО Сбербанк
24.04.2025,-2472.97,Билеты Новосибирский зоопарк
24.04.2025,-12083.3,Оплата МГТС
25.04.2025,-13210.74,Оплата МОЭК
25.04.2025,-1814.27,Оплата Дом.ru
25.04.2025,-640.2,Обед в Вкусно и точка
26.04.2025,-2713.65,Подписка Steam
26.04.2025,-2214.44,Подписка YouTube Premium
26.04.2025,36745.35,Зарплата ПАО Сбербанк
26.04.2025,-3216.25,Билеты Кинотеатр Формула Кино
27.04.2025,-4907.48,Билеты Цирк
27.04.2025,-17973.86,Оплата Ростелеком
28.04.2025,-3395.74,Обед в Rostic's
28.04.2025,-11944.56,Перевод на накопительный счет
29.04.2025,100853.14,Зарплата ПАО Сбербанк
29.04.2025,-17551.62,Оплата Дом.ru
29.04.2025,-35255.03,Покупка в OZON
29.04.2025,-3593.32,Обед в Теремок
30.04.2025,-1832.29,Обед в Свиток
30.04.2025,-2737.56,Перевод на накопительный счет
30.04.2025,-1334.39,Оплата Uber
30.04.2025,-568.28,Обед в Кофемания
01.05.2025,114455.0,Зарплата ПАО Сбербанк
01.05.2025,-556.64,Оплата Такси Maxim
01.05.2025,91687.26,Зарплата ПАО Сбербанк
01.05.2025,-8080.8,Покупка в Быстроном
02.05.2025,-1690.41,Подписка YouTube Premium
02.05.2025,-240.25,Подписка Okko
02.05.2025,-1239.41,Обед в Свиток
03.05.2025,-282.14,Оплата Ситимобил
03.05.2025,-9469.25,Перевод на накопительный счет
03.05.2025,-15733.69,Оплата Новосибводоканал
03.05.2025,-1738.59,Оплата Аэроэкспресс
04.05.2025,80975.02,Зарплата ПАО Сбербанк
04.05.2025,-3885.37,Обед в Rostic's
05.05.2025,-2024.52,Подписка IVI
05.05.2025,-8495.19,Билеты Кинотеатр Каро
05.05.2025,-23713.82,Оплата ипотеки Сбербанк
06.05.2025,-5337.61,Билеты Новосибирский зоопарк
06.05.2025,-593.53,Обед в Хан буз
06.05.2025,-8397.49,Оплата МГТС
06.05.2025,-1515.68,Покупка в Пятерочка
07.05.2025,95237.91,Зарплата ПАО Сбербанк
07.05.2025,-619.91,Оплата Яндекс.Такси
07.05.2025,75842.75,Зарплата ПАО Сбербанк
07.05.2025,110611.69,Зарплата ПАО Сбербанк
08.05.2025,138925.09,Зарплата ПАО Сбербанк
08.05.2025,-5349.58,Перевод на накопительный счет
08.05.2025,-2154.5,Обед в Свиток
08.05.2025,-1434.35,Покупка в OZON
09.05.2025,-14373.87,Денежный перевод
09.05.2025,-9292.84,Билеты Цирк
10.05.2025,-2359.44,Покупка в Wildberries
10.05.2025,-11719.62,Покупка в Быстроном
10.05.2025,-13752.67,Оплата МОЭК
10.05.2025,-5275.63,Автоплатеж за мобильную связь
11.05.2025,-1765.61,Подписка Okko
11.05.2025,-1520.38,Подписка Яндекс.Музыка
12.05.2025,-17584.52,Денежный перевод
12.05.2025,139053.67,Зарплата ПАО Сбербанк
13.05.2025,-1366.18,Обед в Шоколадница
13.05.2025,-424.71,Оплата Такси Maxim
14.05.2025,-12418.48,Покупка в Билла
14.05.2025,142724.82,Зарплата ПАО Сбербанк
15.05.2025,-18117.05,Перевод на накопительный счет
15.05.2025,-6054.45,Билеты Кинотеатр Каро
15.05.2025,-1465.4,Обед в Якитория
16.05.2025,65646.68,Зарплата ПАО Сбербанк
16.05.2025,-9448.96,Билеты Парк Горького
17.05.2025,-22248.07,Перевод на накопительный счет
17.05.2025,-531.65,Покупка в Ярче
18.05.2025,-2936.73,Оплата Uber
18.05.2025,-3664.92,Покупка в Ярче
18.05.2025,-3902.14,Билеты Новосибирский зоопарк
19.05.2025,-263.69,Подписка Spotify
19.05.2025,85825.67,Зарплата ПАО Сбербанк
19.05.2025,-251.22,Обед в Хан буз
20.05.2025,-730.73,Обед в Хан буз
20.05.2025,66357.54,Зарплата ПАО Сбербанк
20.05.2025,-30818.6,Покупка в OZON
20.05.2025,30877.79,Зарплата ПАО Сбербанк
21.05.2025,139282.06,Зарплата ПАО Сбербанк
21.05.2025,-14289.72,Покупка в Ярче
21.05.2025,-11477.82,Покупка в Метро
21.05.2025,-2791.4,Билеты Кинотеатр Формула Кино
22.05.2025,-45447.61,Денежный перевод
22.05.2025,-966.34,Покупка в Перекресток
22.05.2025,-11210.81,Оплата Новосибводоканал
23.05.2025,-2346.01,Подписка Okko
23.05.2025,-14596.54,Перевод на накопительный счет
23.05.2025,97124.42,Зарплата ПАО Сбербанк
23.05.2025,-2300.85,Оплата Каршеринг Делимобиль
24.05.2025,-1823.1,Билеты Цирк
24.05.2025,-4815.86,Оплата МТС
25.05.2025,-23110.47,Денежный перевод
25.05.2025,-33178.67,Перевод на накопительный счет
26.05.2025,-45211.96,Перевод на накопительный счет
26.05.2025,-6977.56,Денежный перевод
27.05.2025,69385.94,Зарплата ПАО Сбербанк
27.05.2025,-2992.4,Оплата Uber
27.05.2025,-1057.57,Подписка Яндекс.Музыка
28.05.2025,-15674.23,Оплата МОЭК
28.05.2025,-520.73,Билеты Парк Горького
28.05.2025,-6513.84,Покупка в Метро
29.05.2025,-2564.38,Подписка VK Музыка
29.05.2025,-17945.1,Покупка в Лабрандиум
29.05.2025,-8755.03,Оплата Tele2
30.05.2025,-4554.17,Обед в Кофемания
30.05.2025,-4879.71,Покупка в Евросеть
30.05.2025,67356.63,Зарплата ПАО Сбербанк
30.05.2025,-485.34,Оплата Ситимобил
31.05.2025,82597.88,Зарплата ПАО Сбербанк
31.05.2025,-1647.29,Билеты Кинотеатр Каро
31.05.2025,-1440.39,Подписка VK Музыка
31.05.2025,-196.78,Оплата Яндекс.Такси
01.06.2025,-4002.86,Обед в Шоколадница
01.06.2025,-707.78,Подписка Apple Music
02.06.2025,69214.78,Зарплата ПАО Сбербанк
02.06.2025,-2008.5,Подписка Spotify
02.06.2025,-2753.22,Оплата Центральный ППК
03.06.2025,-4521.97,Обед в Хан буз
03.06.2025,-14222.16,Покупка в Билла
04.06.2025,-11634.7,Оплата МОЭК
04.06.2025,-500.64,Обед в Шоколадница
04.06.2025,-5837.19,Покупка в Пятерочка
05.06.2025,-2912.05,Оплата Каршеринг Делимобиль
05.06.2025,-12271.96,Покупка в Ашан
05.06.2025,-46790.65,Перевод на накопительный счет
05.06.2025,-5797.0,Оплата Новосибводоканал
05.06.2025,-9403.52,Оплата ипотеки Сбербанк
06.06.2025,-3807.51,Обед в Шоколадница
06.06.2025,-20262.16,Перевод на накопительный счет
06.06.2025,-3290.47,Покупка в М.Видео
06.06.2025,-29579.88,Покупка в М.Видео
07.06.2025,-5849.32,Покупка в Ашан
07.06.2025,-4282.64,Покупка в Пятерочка
08.06.2025,-11078.18,Перевод на накопительный счет
08.06.2025,-5272.38,Покупка в Быстроном
09.06.2025,-4699.39,Покупка в Лента
09.06.2025,-24666.66,Покупка в Лабрандиум
09.06.2025,89558.2,Зарплата ПАО Сбербанк
09.06.2025,91294.77,Зарплата ПАО Сбербанк
10.06.2025,55809.92,Зарплата ПАО Сбербанк
10.06.2025,-6960.29,Покупка в Пятерочка
10.06.2025,-48523.41,Перевод на накопительный счет
10.06.2025,-585.79,Оплата Такси Maxim
10.06.2025,-5748.35,Автоплатеж за мобильную связь
11.06.2025,-4074.82,Покупка в Дикси
11.06.2025,86643.4,Зарплата ПАО Сбербанк
11.06.2025,-8836.96,Оплата МОЭК
12.06.2025,-2176.49,Оплата Метро Новосибирск
12.06.2025,-1852.57,Подписка Spotify
12.06.2025,-34577.93,Покупка в Связной
13.06.2025,-2420.6,Обед в Кофемания
13.06.2025,-716.02,Подписка Okko
14.06.2025,42903.69,Зарплата ПАО Сбербанк
14.06.2025,-2328.06,Подписка Яндекс.Плюс
14.06.2025,-11993.08,Покупка в Магнит
15.06.2025,46062.52,Зарплата ПАО Сбербанк
15.06.2025,-2378.47,Подписка VK Музыка
15.06.2025,133315.51,Зарплата ПАО Сбербанк
15.06.2025,-46342.48,Покупка в DNS
16.06.2025,-1628.41,Оплата Новосибэнергосбыт
16.06.2025,-2633.0,Покупка в Пятерочка
17.06.2025,128651.67,Зарплата ПАО Сбербанк
17.06.2025,-385.1,Покупка в ВкусВилл
17.06.2025,-4740.93,Обед в Якитория
18.06.2025,-1986.98,Билеты Цирк
18.06.2025,-1174.28,Билеты Кинотеатр Формула Кино
18.06.2025,-4004.67,Покупка в Магнит
18.06.2025,121175.67,Зарплата ПАО Сбербанк
19.06.2025,-1764.23,Подписка Яндекс.Плюс
19.06.2025,-38622.76,Покупка в Лабрандиум
19.06.2025,-2174.49,Оплата Такси Maxim
20.06.2025,-17257.81,Оплата Tele2
20.06.2025,-559.62,Подписка Steam
21.06.2025,-5459.99,Билеты Кинотеатр Каро
21.06.2025,107966.98,Зарплата ПАО Сбербанк
22.06.2025,-2977.35,Подписка Steam
22.06.2025,126606.42,Зарплата ПАО Сбербанк
22.06.2025,-31296.62,Покупка в Яндекс.Маркет
22.06.2025,-10580.28,Покупка в Ярче
23.06.2025,-844.16,Обед в Академия кофе
23.06.2025,-2601.93,Подписка KinoPub
23.06.2025,-1068.51,Оплата Яндекс.Такси
24.06.2025,-1803.93,Билеты Кинотеатр Формула Кино
24.06.2025,-19811.48,Перевод на накопительный счет
24.06.2025,-45339.65,Покупка в Мир Канцтоваров
25.06.2025,-3327.61,Оплата ВымпелКом (Билайн)
25.06.2025,-1271.63,Подписка Яндекс.Плюс
26.06.2025,44216.13,Зарплата ПАО Сбербанк
26.06.2025,-42724.22,Покупка в DNS
26.06.2025,-2906.95,Оплата Каршеринг Делимобиль
26.06.2025,145483.27,Зарплата ПАО Сбербанк
27.06.2025,69617.08,Зарплата ПАО Сбербанк
27.06.2025,-25976.86,Покупка в Лабрандиум
28.06.2025,71758.17,Зарплата ПАО Сбербанк
28.06.2025,-4140.99,Оплата Дом.ru
28.06.2025,-6154.95,Покупка в Метро
29.06.2025,74525.89,Зарплата ПАО Сбербанк
29.06.2025,-9410.66,Оплата Новосибводоканал
30.06.2025,-29533.15,Покупка в Лабрандиум
30.06.2025,-1926.97,Подписка YouTube Premium
30.06.2025,-5262.43,Билеты Кинотеатр Каро
01.07.2025,-3576.96,Билеты Новосибирский зоопарк
01.07.2025,-12867.59,Покупка в Связной
01.07.2025,-4910.61,Обед в Теремок
02.07.2025,-9831.25,Билеты Арена Сибирь
02.07.2025,108889.11,Зарплата ПАО Сбербанк
03.07.2025,-9348.49,Оплата Новосибводоканал
03.07.2025,-1590.53,Обед в Чайхона №1
03.07.2025,58867.05,Зарплата ПАО Сбербанк
03.07.2025,-1001.65,Подписка IVI
04.07.2025,-1715.17,Покупка в Дикси
04.07.2025,-3344.27,Обед в Rostic's
04.07.2025,-5749.44,Перевод на накопительный счет
05.07.2025,-2777.4,Обед в Кофемания
05.07.2025,-4699.97,Покупка в Ашан
05.07.2025,-15476.24,Оплата МГТС
05.07.2025,119763.01,Зарплата ПАО Сбербанк
05.07.2025,-10773.24,Оплата ипотеки Сбербанк
06.07.2025,-770.07,Покупка в Лента
06.07.2025,45308.0,Зарплата ПАО Сбербанк
07.07.2025,-9258.0,Покупка в Быстроном
07.07.2025,148167.35,Зарплата ПАО Сбербанк
07.07.2025,-9335.22,Покупка в Лента
08.07.2025,-12385.99,Оплата МТС
08.07.2025,-12861.77,Оплата Газпром межрегионгаз
08.07.2025,-327.8,Оплата Центральный ППК
09.07.2025,-9623.13,Покупка в Дикси
09.07.2025,-13777.83,Денежный перевод
09.07.2025,-14087.05,Покупка в ВкусВилл
09.07.2025,-2124.08,Оплата Каршеринг BelkaCar
10.07.2025,-1621.23,Подписка Okko
10.07.2025,-9000.88,Билеты Цирк
10.07.2025,-2492.96,Подписка IVI
10.07.2025,-30881.29,Покупка в Евросеть
10.07.2025,-5397.27,Автоплатеж за мобильную связь
11.07.2025,-1709.33,Подписка KinoPub
11.07.2025,-42877.48,Денежный перевод
11.07.2025,125697.86,Зарплата ПАО Сбербанк
11.07.2025,-41182.62,Покупка в Лабрандиум
12.07.2025,-11199.09,Покупка в Ярче
12.07.2025,-10749.79,Покупка в Билла
12.07.2025,-1053.7,Подписка VK Музыка
13.07.2025,-640.53,Обед в Шоколадница
13.07.2025,-9354.06,Оплата Ростелеком
13.07.2025,120289.76,Зарплата ПАО Сбербанк
14.07.2025,100412.65,Зарплата ПАО Сбербанк
14.07.2025,-476.57,Подписка Steam
15.07.2025,-6027.16,Покупка в Ашан
15.07.2025,-998.37,Подписка VK Музыка
16.07.2025,37668.73,Зарплата ПАО Сбербанк
16.07.2025,-3235.91,Покупка в Wildberries
16.07.2025,77503.14,Зарплата ПАО Сбербанк
16.07.2025,85832.02,Зарплата ПАО Сбербанк
17.07.2025,-12715.1,Покупка в Магнит
17.07.2025,-1334.59,Подписка IVI
17.07.2025,72061.7,Зарплата ПАО Сбербанк
18.07.2025,-29904.35,Покупка в Яндекс.Маркет
18.07.2025,108534.35,Зарплата ПАО Сбербанк
19.07.2025,133051.26,Зарплата ПАО Сбербанк
19.07.2025,61663.64,Зарплата ПАО Сбербанк
20.07.2025,-2865.91,Билеты Арена Сибирь
20.07.2025,-2760.85,Подписка KinoPub
20.07.2025,-29973.11,Перевод на накопительный счет
20.07.2025,-2732.02,Оплата Ситимобил
21.07.2025,-2764.47,Оплата Каршеринг BelkaCar
21.07.2025,-29985.66,Покупка в OZON
21.07.2025,46349.68,Зарплата ПАО Сбербанк
22.07.2025,-18867.66,Оплата ВымпелКом (Билайн)
22.07.2025,-1940.27,Оплата Метро Новосибирск
22.07.2025,123836.88,Зарплата ПАО Сбербанк
22.07.2025,-7363.38,Оплата Новосибводоканал
23.07.2025,-1612.09,Обед в Теремок
23.07.2025,-27746.64,Перевод на накопительный счет
23.07.2025,-1927.63,Обед в Кофемания
24.07.2025,-18295.8,Оплата Tele2
24.07.2025,-6070.86,Билеты Цирк
25.07.2025,-7540.11,Билеты Цирк
25.07.2025,-11147.95,Денежный перевод
25.07.2025,-1100.26,Оплата Каршеринг BelkaCar
26.07.2025,-554.89,Подписка YouTube Premium
26.07.2025,-13130.28,Денежный перевод
26.07.2025,-2771.64,Оплата Каршеринг BelkaCar
27.07.2025,-1364.39,Подписка KinoPub
27.07.2025,-1834.6,Подписка Яндекс.Музыка
27.07.2025,63953.98,Зарплата ПАО Сбербанк
28.07.2025,-154.17,Оплата Ситимобил
28.07.2025,139527.28,Зарплата ПАО Сбербанк
29.07.2025,-1669.98,Покупка в Дикси
29.07.2025,-2301.18,Оплата Каршеринг Делимобиль
29.07.2025,-8969.23,Покупка в OZON
29.07.2025,-28392.45,Покупка в Связной
30.07.2025,-7135.77,Билеты Кинотеатр Формула Кино
30.07.2025,-683.48,Подписка Яндекс.Плюс
31.07.2025,-2277.73,Билеты Цирк
31.07.2025,-9509.19,Оплата МТС
01.08.2025,-890.37,Оплата Каршеринг Делимобиль
01.08.2025,-294.9,Обед в Шоколадница
01.08.2025,-2649.54,Подписка Яндекс.Плюс
01.08.2025,-11285.27,Покупка в Ашан
02.08.2025,125930.11,Зарплата ПАО Сбербанк
02.08.2025,-772.21,Оплата Uber
03.08.2025,-4784.74,Оплата Новосибэнергосбыт
03.08.2025,-865.56,Обед в Бургер Кинг
03.08.2025,-8530.61,Оплата Новосибводоканал
04.08.2025,-27602.07,Покупка в Яндекс.Маркет
04.08.2025,-2932.68,Билеты Кинотеатр Каро
04.08.2025,-2257.74,Подписка VK Музыка
05.08.2025,-3469.9,Покупка в DNS
05.08.2025,-4264.4,Покупка в Дикси
05.08.2025,-6424.32,Оплата ипотеки Сбербанк
06.08.2025,-2776.82,Подписка KinoPub
06.08.2025,-564.88,Оплата Uber
06.08.2025,-334.08,Оплата Такси Maxim
06.08.2025,33428.47,Зарплата ПАО Сбербанк
07.08.2025,-7944.07,Билеты Арена Сибирь
07.08.2025,-14649.6,Денежный перевод
07.08.2025,-29001.51,Покупка в DNS
08.08.2025,-3809.78,Обед в Хан буз
08.08.2025,87889.21,Зарплата ПАО Сбербанк
08.08.2025,94325.49,Зарплата ПАО Сбербанк
08.08.2025,-12098.33,Покупка в Ашан
09.08.2025,-9411.48,Оплата Новосибводоканал
09.08.2025,-7683.63,Покупка в Wildberries
10.08.2025,-41167.43,Покупка в Евросеть
10.08.2025,61420.65,Зарплата ПАО Сбербанк
10.08.2025,-5099.07,Автоплатеж за мобильную связь
11.08.2025,-44613.08,Перевод на накопительный счет
11.08.2025,-674.36,Обед в Бургер Кинг
12.08.2025,-7240.14,Билеты Цирк
12.08.2025,55673.87,Зарплата ПАО Сбербанк
12.08.2025,-6714.26,Билеты Цирк
13.08.2025,-5233.73,Покупка в Магнит
13.08.2025,-538.68,Обед в Кофемания
13.08.2025,-2280.08,Оплата Аэроэкспресс
14.08.2025,-6259.61,Билеты Кинотеатр Формула Кино
14.08.2025,-1625.72,Перевод на накопительный счет
14.08.2025,-2636.24,Обед в Бургер Кинг
14.08.2025,-18754.13,Покупка в OZON
15.08.2025,133879.44,Зарплата ПАО Сбербанк
15.08.2025,-2559.44,Обед в Вкусно и точка
15.08.2025,-41703.11,Покупка в М.Видео
16.08.2025,77955.23,Зарплата ПАО Сбербанк
16.08.2025,-27335.53,Денежный перевод
16.08.2025,-1880.33,Подписка Яндекс.Музыка
16.08.2025,-5136.23,Билеты Цирк
17.08.2025,-4388.63,Покупка в Лента
17.08.2025,-8829.21,Билеты Кинотеатр Формула Кино
17.08.2025,81176.78,Зарплата ПАО Сбербанк
18.08.2025,-2599.1,Подписка Apple Music
18.08.2025,-400.73,Оплата Центральный ППК
19.08.2025,-13643.23,Оплата МТС
19.08.2025,-18003.85,Оплата Дом.ru
19.08.2025,-8047.09,Билеты Арена Сибирь
20.08.2025,-966.97,Оплата Аэроэкспресс
20.08.2025,-2065.38,Билеты Цирк
20.08.2025,-2539.78,Подписка Яндекс.Музыка
20.08.2025,-3166.44,Обед в Хан буз
21.08.2025,79595.6,Зарплата ПАО Сбербанк
21.08.2025,-2635.84,Оплата Каршеринг BelkaCar
21.08.2025,-14167.66,Покупка в Ашан
21.08.2025,-1969.35,Подписка Spotify
22.08.2025,-12162.2,Покупка в Ашан
22.08.2025,-3877.07,Билеты Кинотеатр Формула Кино
23.08.2025,-37363.67,Перевод на накопительный счет
23.08.2025,96439.62,Зарплата ПАО Сбербанк
23.08.2025,-18986.31,Оплата Новосибэнергосбыт
23.08.2025,148369.61,Зарплата ПАО Сбербанк
24.08.2025,80276.29,Зарплата ПАО Сбербанк
24.08.2025,-1794.54,Обед в Хан буз
25.08.2025,-1882.69,Подписка Okko
25.08.2025,42317.26,Зарплата ПАО Сбербанк
25.08.2025,-9396.07,Покупка в М.Видео
26.08.2025,-31335.91,Денежный перевод
26.08.2025,-1718.1,Покупка в Лента
26.08.2025,89536.94,Зарплата ПАО Сбербанк
26.08.2025,-3024.24,Билеты Парк Горького
27.08.2025,66754.35,Зарплата ПАО Сбербанк
27.08.2025,-44875.23,Денежный перевод
28.08.2025,77051.76,Зарплата ПАО Сбербанк
28.08.2025,-6534.13,Покупка в Быстроном
28.08.2025,-3333.84,Покупка в Билла
28.08.2025,-2249.72,Подписка Яндекс.Музыка
29.08.2025,-849.42,Подписка Okko
29.08.2025,-31372.3,Денежный перевод
29.08.2025,-520.27,Покупка в Билла
29.08.2025,-577.77,Подписка Яндекс.Плюс
30.08.2025,-7071.17,Билеты Новосибирский зоопарк
30.08.2025,-11346.29,Оплата МГТС
31.08.2025,72125.71,Зарплата ПАО Сбербанк
31.08.2025,-9493.05,Билеты Цирк
31.08.2025,-9880.56,Оплата Газпром межрегионгаз
01.09.2025,-8453.43,Оплата МТС
01.09.2025,122779.71,Зарплата ПАО Сбербанк
02.09.2025,-1274.66,Покупка в Окей
02.09.2025,-3560.84,Билеты Новосибирский зоопарк
03.09.2025,-30366.52,Перевод на накопительный счет
03.09.2025,-8597.34,Покупка в Магнит
03.09.2025,-22258.91,Покупка в Мир Канцтоваров
03.09.2025,96788.65,Зарплата ПАО Сбербанк
04.09.2025,-256.24,Подписка KinoPub
04.09.2025,-603.53,Оплата Каршеринг Делимобиль
04.09.2025,-2342.52,Оплата Новосибэнергосбыт
05.09.2025,-1054.54,Оплата Центральный ППК
05.09.2025,-2941.35,Подписка KinoPub
05.09.2025,-24029.5,Оплата ипотеки Сбербанк
06.09.2025,96162.0,Зарплата ПАО Сбербанк
06.09.2025,-702.64,Оплата Яндекс.Такси
06.09.2025,-1678.75,Оплата Метро Новосибирск
06.09.2025,51238.44,Зарплата ПАО Сбербанк
07.09.2025,-945.81,Подписка Apple Music
07.09.2025,-2576.13,Подписка VK Музыка
08.09.2025,-27973.2,Денежный перевод
08.09.2025,79647.09,Зарплата ПАО Сбербанк
08.09.2025,-2719.17,Подписка Яндекс.Музыка
09.09.2025,-267.02,Подписка VK Музыка
09.09.2025,-5745.37,Покупка в Окей
09.09.2025,-2311.94,Оплата Ростелеком
09.09.2025,98392.58,Зарплата ПАО Сбербанк
10.09.2025,-9751.8,Билеты Арена Сибирь
10.09.2025,-14126.97,Покупка в Магнит
10.09.2025,-4710.82,Автоплатеж за мобильную связь
11.09.2025,-3158.2,Билеты Арена Сибирь
11.09.2025,-11891.49,Покупка в Лента
11.09.2025,-15142.57,Покупка в М.Видео
11.09.2025,83217.56,Зарплата ПАО Сбербанк
12.09.2025,-46514.16,Перевод на накопительный счет
12.09.2025,-8594.55,Покупка в Окей
13.09.2025,-28002.07,Перевод на накопительный счет
13.09.2025,-556.27,Оплата Такси Maxim
13.09.2025,-5732.48,Билеты Кинотеатр Формула Кино
14.09.2025,-1129.31,Билеты Парк Горького
14.09.2025,-672.36,Обед в Бургер Кинг
14.09.2025,100952.33,Зарплата ПАО Сбербанк
15.09.2025,-1796.42,Подписка VK Музыка
15.09.2025,-24381.96,Денежный перевод
16.09.2025,-28890.42,Покупка в DNS
16.09.2025,38550.91,Зарплата ПАО Сбербанк
16.09.2025,-248.71,Обед в Теремок
17.09.2025,-4412.06,Оплата Новосибводоканал
17.09.2025,-1321.19,Подписка VK Музыка
17.09.2025,-1527.91,Оплата Метро Новосибирск
18.09.2025,-12340.61,Покупка в Метро
18.09.2025,-41044.34,Перевод на накопительный счет
18.09.2025,-8568.86,Билеты Арена Сибирь
19.09.2025,-37739.63,Перевод на накопительный счет
19.09.2025,-4149.4,Денежный перевод
19.09.2025,-18341.59,Перевод на накопительный счет
20.09.2025,-1917.35,Оплата Uber
20.09.2025,-10294.29,Оплата МОЭК
20.09.2025,-327.23,Билеты Арена Сибирь
20.09.2025,-41590.12,Покупка в Связной
21.09.2025,-1468.34,Подписка Steam
21.09.2025,89156.17,Зарплата ПАО Сбербанк
22.09.2025,-3074.49,Билеты Арена Сибирь
22.09.2025,-1131.38,Оплата Метро Новосибирск
23.09.2025,131024.79,Зарплата ПАО Сбербанк
23.09.2025,-2750.58,Покупка в Перекресток
23.09.2025,-129.94,Покупка в Лента
24.09.2025,-5869.89,Оплата МГТС
24.09.2025,-1782.71,Оплата Дом.ru
24.09.2025,125409.64,Зарплата ПАО Сбербанк
24.09.2025,-15291.56,Покупка в Эльдорадо
25.09.2025,-47844.26,Перевод на накопительный счет
25.09.2025,84791.27,Зарплата ПАО Сбербанк
25.09.2025,-16917.04,Денежный перевод
25.09.2025,-2453.92,Покупка в Пятерочка
26.09.2025,84381.39,Зарплата ПАО Сбербанк
26.09.2025,-1424.67,Покупка в Дикси
27.09.2025,-38959.47,Покупка в Эльдорадо
27.09.2025,-42298.37,Перевод на накопительный счет
28.09.2025,-7750.79,Оплата Новосибэнергосбыт
28.09.2025,-7442.11,Билеты Кинотеатр Каро
29.09.2025,-6448.18,Покупка в Ярче
29.09.2025,-3996.79,Билеты Новосибирский зоопарк
29.09.2025,-4559.43,Обед в Вкусно и точка
29.09.2025,81404.23,Зарплата ПАО Сбербанк
30.09.2025,-2333.24,Билеты Новосибирский зоопарк
30.09.2025,-1364.42,Обед в Чайхона №1
01.10.2025,-9668.72,Денежный перевод
01.10.2025,-241.12,Оплата Метро Новосибирск
01.10.2025,86019.18,Зарплата ПАО Сбербанк
02.10.2025,118088.11,Зарплата ПАО Сбербанк
02.10.2025,-15325.21,Оплата Новосибводоканал
02.10.2025,-7848.49,Билеты Новосибирский зоопарк
03.10.2025,-3296.85,Покупка в ВкусВилл
03.10.2025,-3000.22,Билеты Новосибирский зоопарк
03.10.2025,-218.61,Подписка Яндекс.Плюс
03.10.2025,67384.33,Зарплата ПАО Сбербанк
04.10.2025,39137.06,Зарплата ПАО Сбербанк
04.10.2025,85881.67,Зарплата ПАО Сбербанк
04.10.2025,-4407.31,Обед в Чайхона №1
04.10.2025,-4260.13,Обед в Чайхона №1
05.10.2025,-251.73,Обед в Кофемания
05.10.2025,-2893.52,Оплата Новосибэнергосбыт
05.10.2025,-18030.52,Оплата ипотеки Сбербанк
06.10.2025,31188.45,Зарплата ПАО Сбербанк
06.10.2025,-33006.58,Перевод на накопительный счет
07.10.2025,-4745.83,Обед в Академия кофе
07.10.2025,-12105.36,Оплата Дом.ru
07.10.2025,-520.2,Оплата Каршеринг BelkaCar
07.10.2025,-328.14,Оплата Ситимобил
08.10.2025,-10541.55,Покупка в Дикси
08.10.2025,-4568.08,Билеты Арена Сибирь
09.10.2025,-528.35,Обед в Rostic's
09.10.2025,-22658.28,Денежный перевод
09.10.2025,-13236.01,Покупка в Окей
09.10.2025,-10962.7,Покупка в Магнит
10.10.2025,-7616.41,Билеты Арена Сибирь
10.10.2025,64076.41,Зарплата ПАО Сбербанк
10.10.2025,-6412.55,Автоплатеж за мобильную связь
11.10.2025,-2814.04,Подписка Apple Music
11.10.2025,-18567.91,Денежный перевод
11.10.2025,-19416.87,Перевод на накопительный счет
11.10.2025,42469.33,Зарплата ПАО Сбербанк
12.10.2025,-2469.07,Подписка Steam
12.10.2025,-543.55,Подписка Яндекс.Плюс
12.10.2025,-7524.74,Покупка в DNS
13.10.2025,-3971.49,Покупка в Перекресток
13.10.2025,-29408.49,Покупка в Евросеть
13.10.2025,-1574.46,Подписка Spotify
13.10.2025,144317.27,Зарплата ПАО Сбербанк
14.10.2025,102919.81,Зарплата ПАО Сбербанк
14.10.2025,114408.0,Зарплата ПАО Сбербанк
15.10.2025,112419.11,Зарплата ПАО Сбербанк
15.10.2025,-14719.78,Покупка в Ярче
16.10.2025,-3015.35,Обед в Свиток
16.10.2025,92379.62,Зарплата ПАО Сбербанк
16.10.2025,-30163.83,Денежный перевод
16.10.2025,-9017.79,Покупка в Лента
17.10.2025,-5584.04,Билеты Арена Сибирь
17.10.2025,-33523.58,Покупка в Лабрандиум
17.10.2025,-8968.53,Покупка в Окей
18.10.2025,-13078.24,Денежный перевод
18.10.2025,-9537.69,Покупка в Перекресток
18.10.2025,114853.21,Зарплата ПАО Сбербанк
18.10.2025,-1963.26,Оплата Каршеринг BelkaCar
19.10.2025,-15049.68,Оплата Новосибводоканал
19.10.2025,-3979.91,Покупка в Магнит
20.10.2025,-40912.16,Перевод на накопительный счет
20.10.2025,-45766.93,Покупка в Связной
20.10.2025,-3599.7,Обед в Кофемания
